none,pd,t1,t1c,t2,t2-t1c
bone-penn-170,bone-penn-300,bone-penn-309,bone-penn-309,bone-penn-309,bone-penn-309
bone-penn-635,bone-penn-301,bone-penn-313,bone-penn-303,bone-penn-313,bone-penn-303
,bone-penn-593,bone-penn-303,bone-penn-306,bone-penn-303,bone-penn-306
,bone-penn-591,bone-penn-299,bone-penn-297,bone-penn-306,bone-penn-297
,bone-penn-583,bone-penn-297,bone-penn-310,bone-penn-299,bone-penn-295
,bone-penn-595,bone-penn-310,bone-penn-295,bone-penn-297,bone-penn-314
,bone-penn-580,bone-penn-307,bone-penn-314,bone-penn-307,bone-penn-296
,bone-penn-573,bone-penn-295,bone-penn-296,bone-penn-295,bone-penn-594
,bone-penn-576,bone-penn-305,bone-penn-308,bone-penn-305,bone-penn-588
,bone-penn-127,bone-penn-312,bone-penn-594,bone-penn-312,bone-penn-589
,bone-penn-121,bone-penn-302,bone-penn-588,bone-penn-314,bone-penn-591
,bone-penn-076,bone-penn-314,bone-penn-589,bone-penn-300,bone-penn-587
,bone-penn-066,bone-penn-300,bone-penn-591,bone-penn-304,bone-penn-595
,bone-penn-067,bone-penn-304,bone-penn-587,bone-penn-298,bone-penn-586
,bone-penn-443,bone-penn-298,bone-penn-595,bone-penn-296,bone-penn-590
,bone-penn-444,bone-penn-296,bone-penn-586,bone-penn-311,bone-penn-575
,bone-penn-442,bone-penn-315,bone-penn-590,bone-penn-593,bone-penn-574
,bone-penn-414,bone-penn-311,bone-penn-575,bone-penn-594,bone-penn-578
,bone-penn-404,bone-penn-301,bone-penn-574,bone-penn-588,bone-penn-576
,bone-penn-408,bone-penn-308,bone-penn-570,bone-penn-589,bone-penn-571
,bone-penn-439,bone-penn-593,bone-penn-580,bone-penn-591,bone-penn-577
,bone-penn-410,bone-penn-594,bone-penn-578,bone-penn-587,bone-penn-581
,bone-penn-409,bone-penn-588,bone-penn-573,bone-penn-582,bone-penn-579
,bone-penn-402,bone-penn-589,bone-penn-576,bone-penn-583,bone-penn-124
,bone-penn-418,bone-penn-591,bone-penn-571,bone-penn-584,bone-penn-122
,bone-penn-429,bone-penn-587,bone-penn-577,bone-penn-592,bone-penn-120
,bone-penn-447,bone-penn-582,bone-penn-581,bone-penn-595,bone-penn-123
,bone-penn-416,bone-penn-583,bone-penn-579,bone-penn-586,bone-penn-127
,bone-penn-417,bone-penn-584,bone-penn-124,bone-penn-585,bone-penn-126
,bone-penn-415,bone-penn-592,bone-penn-122,bone-penn-590,bone-penn-063
,bone-penn-427,bone-penn-595,bone-penn-120,bone-penn-575,bone-penn-079
,bone-penn-413,bone-penn-586,bone-penn-123,bone-penn-574,bone-penn-070
,bone-penn-109,bone-penn-585,bone-penn-127,bone-penn-578,bone-penn-062
,bone-penn-114,bone-penn-590,bone-penn-121,bone-penn-576,bone-penn-066
,bone-penn-113,bone-penn-575,bone-penn-126,bone-penn-571,bone-penn-078
,bone-penn-111,bone-penn-574,bone-penn-063,bone-penn-572,bone-penn-069
,bone-penn-112,bone-penn-580,bone-penn-079,bone-penn-577,bone-penn-075
,bone-penn-117,bone-penn-578,bone-penn-070,bone-penn-581,bone-penn-077
,bone-penn-118,bone-penn-573,bone-penn-062,bone-penn-579,bone-penn-065
,bone-penn-116,bone-penn-576,bone-penn-066,bone-penn-124,bone-penn-061
,bone-penn-389,bone-penn-571,bone-penn-078,bone-penn-122,bone-penn-064
,bone-penn-396,bone-penn-572,bone-penn-069,bone-penn-120,bone-penn-071
,bone-penn-397,bone-penn-577,bone-penn-075,bone-penn-123,bone-penn-419
,bone-penn-387,bone-penn-581,bone-penn-077,bone-penn-127,bone-penn-443
,bone-penn-385,bone-penn-579,bone-penn-065,bone-penn-119,bone-penn-426
,bone-penn-392,bone-penn-124,bone-penn-061,bone-penn-126,bone-penn-422
,bone-penn-357,bone-penn-122,bone-penn-064,bone-penn-125,bone-penn-444
,bone-penn-354,bone-penn-120,bone-penn-071,bone-penn-063,bone-penn-442
,bone-penn-356,bone-penn-127,bone-penn-419,bone-penn-072,bone-penn-448
,bone-penn-359,bone-penn-119,bone-penn-443,bone-penn-076,bone-penn-414
,bone-penn-358,bone-penn-121,bone-penn-426,bone-penn-079,bone-penn-404
,bone-penn-349,bone-penn-126,bone-penn-422,bone-penn-074,bone-penn-441
,bone-penn-352,bone-penn-128,bone-penn-444,bone-penn-070,bone-penn-408
,bone-penn-209,bone-penn-125,bone-penn-442,bone-penn-062,bone-penn-436
,bone-penn-217,bone-penn-063,bone-penn-448,bone-penn-066,bone-penn-439
,bone-penn-252,bone-penn-072,bone-penn-414,bone-penn-073,bone-penn-407
,bone-penn-240,bone-penn-076,bone-penn-404,bone-penn-078,bone-penn-406
,bone-penn-267,bone-penn-079,bone-penn-441,bone-penn-069,bone-penn-431
,bone-penn-218,bone-penn-074,bone-penn-408,bone-penn-075,bone-penn-423
,bone-penn-247,bone-penn-070,bone-penn-436,bone-penn-077,bone-penn-424
,bone-penn-253,bone-penn-062,bone-penn-439,bone-penn-065,bone-penn-401
,bone-penn-220,bone-penn-066,bone-penn-407,bone-penn-061,bone-penn-445
,bone-penn-234,bone-penn-073,bone-penn-406,bone-penn-064,bone-penn-405
,bone-penn-250,bone-penn-078,bone-penn-431,bone-penn-068,bone-penn-450
,bone-penn-211,bone-penn-069,bone-penn-423,bone-penn-071,bone-penn-440
,bone-penn-244,bone-penn-075,bone-penn-424,bone-penn-067,bone-penn-438
,bone-penn-272,bone-penn-077,bone-penn-401,bone-penn-419,bone-penn-403
,bone-penn-265,bone-penn-065,bone-penn-445,bone-penn-443,bone-penn-420
,bone-penn-230,bone-penn-061,bone-penn-437,bone-penn-426,bone-penn-409
,bone-penn-231,bone-penn-064,bone-penn-405,bone-penn-422,bone-penn-402
,bone-penn-251,bone-penn-068,bone-penn-450,bone-penn-444,bone-penn-418
,bone-penn-236,bone-penn-071,bone-penn-449,bone-penn-442,bone-penn-451
,bone-penn-223,bone-penn-067,bone-penn-440,bone-penn-448,bone-penn-429
,bone-penn-225,bone-penn-419,bone-penn-438,bone-penn-414,bone-penn-447
,bone-penn-292,bone-penn-443,bone-penn-403,bone-penn-404,bone-penn-417
,bone-penn-285,bone-penn-426,bone-penn-434,bone-penn-441,bone-penn-435
,bone-penn-201,bone-penn-422,bone-penn-411,bone-penn-408,bone-penn-427
,bone-penn-186,bone-penn-414,bone-penn-420,bone-penn-436,bone-penn-446
,bone-penn-197,bone-penn-404,bone-penn-409,bone-penn-439,bone-penn-413
,bone-penn-199,bone-penn-408,bone-penn-402,bone-penn-407,bone-penn-432
,bone-penn-173,bone-penn-436,bone-penn-418,bone-penn-406,bone-penn-109
,bone-penn-179,bone-penn-439,bone-penn-451,bone-penn-431,bone-penn-111
,bone-penn-196,bone-penn-407,bone-penn-429,bone-penn-423,bone-penn-108
,bone-penn-204,bone-penn-406,bone-penn-447,bone-penn-424,bone-penn-117
,bone-penn-88,bone-penn-431,bone-penn-417,bone-penn-401,bone-penn-110
,bone-penn-89,bone-penn-423,bone-penn-435,bone-penn-445,bone-penn-118
,bone-penn-83,bone-penn-424,bone-penn-427,bone-penn-405,bone-penn-115
,bone-penn-106,bone-penn-401,bone-penn-446,bone-penn-450,bone-penn-005
,bone-penn-84,bone-penn-445,bone-penn-413,bone-penn-428,bone-penn-001
,bone-penn-103,bone-penn-437,bone-penn-432,bone-penn-440,bone-penn-014
,bone-penn-95,bone-penn-405,bone-penn-109,bone-penn-438,bone-penn-003
,bone-penn-107,bone-penn-450,bone-penn-114,bone-penn-403,bone-penn-009
,bone-penn-105,bone-penn-449,bone-penn-111,bone-penn-420,bone-penn-002
,bone-penn-102,bone-penn-440,bone-penn-108,bone-penn-409,bone-penn-006
,bone-penn-80,bone-penn-438,bone-penn-117,bone-penn-402,bone-penn-008
,bone-penn-87,bone-penn-403,bone-penn-110,bone-penn-418,bone-penn-010
,bone-penn-82,bone-penn-434,bone-penn-118,bone-penn-451,bone-penn-011
,bone-penn-85,bone-penn-425,bone-penn-115,bone-penn-421,bone-penn-013
,bone-penn-100,bone-penn-411,bone-penn-005,bone-penn-429,bone-penn-015
,bone-penn-91,bone-penn-410,bone-penn-001,bone-penn-447,bone-penn-388
,bone-penn-81,bone-penn-420,bone-penn-014,bone-penn-416,bone-penn-393
,bone-penn-99,bone-penn-409,bone-penn-003,bone-penn-417,bone-penn-386
,bone-penn-98,bone-penn-402,bone-penn-012,bone-penn-435,bone-penn-397
,bone-penn-101,bone-penn-418,bone-penn-009,bone-penn-433,bone-penn-391
,bone-penn-104,bone-penn-451,bone-penn-002,bone-penn-427,bone-penn-385
,bone-penn-545,bone-penn-429,bone-penn-006,bone-penn-446,bone-penn-353
,bone-penn-132,bone-penn-447,bone-penn-008,bone-penn-413,bone-penn-356
,bone-penn-136,bone-penn-416,bone-penn-010,bone-penn-432,bone-penn-355
,bone-penn-139,bone-penn-417,bone-penn-011,bone-penn-109,bone-penn-222
,bone-penn-157,bone-penn-415,bone-penn-013,bone-penn-113,bone-penn-209
,bone-penn-154,bone-penn-435,bone-penn-015,bone-penn-111,bone-penn-252
,bone-penn-159,bone-penn-427,bone-penn-388,bone-penn-112,bone-penn-229
,bone-penn-137,bone-penn-446,bone-penn-395,bone-penn-108,bone-penn-224
,bone-penn-138,bone-penn-413,bone-penn-393,bone-penn-117,bone-penn-257
,bone-penn-153,bone-penn-432,bone-penn-386,bone-penn-110,bone-penn-260
,bone-penn-156,bone-penn-109,bone-penn-394,bone-penn-118,bone-penn-218
,bone-penn-152,bone-penn-114,bone-penn-397,bone-penn-116,bone-penn-247
,bone-penn-150,bone-penn-113,bone-penn-391,bone-penn-115,bone-penn-210
,bone-penn-146,bone-penn-111,bone-penn-385,bone-penn-005,bone-penn-227
,bone-penn-147,bone-penn-112,bone-penn-351,bone-penn-001,bone-penn-214
,bone-penn-158,bone-penn-108,bone-penn-353,bone-penn-014,bone-penn-241
,bone-penn-144,bone-penn-117,bone-penn-356,bone-penn-003,bone-penn-253
,bone-penn-142,bone-penn-110,bone-penn-355,bone-penn-009,bone-penn-220
,bone-penn-155,bone-penn-118,bone-penn-222,bone-penn-002,bone-penn-234
,bone-penn-133,bone-penn-116,bone-penn-209,bone-penn-007,bone-penn-238
,bone-penn-371,bone-penn-115,bone-penn-252,bone-penn-006,bone-penn-219
,bone-penn-381,bone-penn-005,bone-penn-229,bone-penn-008,bone-penn-232
,bone-penn-380,bone-penn-001,bone-penn-212,bone-penn-010,bone-penn-268
,bone-penn-278,bone-penn-014,bone-penn-235,bone-penn-011,bone-penn-211
,bone-penn-279,bone-penn-002,bone-penn-240,bone-penn-013,bone-penn-233
,bone-penn-522,bone-penn-007,bone-penn-224,bone-penn-015,bone-penn-271
,bone-penn-520,bone-penn-006,bone-penn-257,bone-penn-004,bone-penn-265
,bone-penn-521,bone-penn-010,bone-penn-221,bone-penn-388,bone-penn-226
,bone-penn-517,bone-penn-011,bone-penn-260,bone-penn-393,bone-penn-231
,bone-penn-535,bone-penn-013,bone-penn-218,bone-penn-389,bone-penn-269
,bone-penn-518,bone-penn-015,bone-penn-247,bone-penn-386,bone-penn-236
,bone-penn-519,bone-penn-004,bone-penn-210,bone-penn-384,bone-penn-223
,bone-penn-515,bone-penn-388,bone-penn-227,bone-penn-396,bone-penn-264
,bone-penn-540,bone-penn-395,bone-penn-214,bone-penn-397,bone-penn-215
,bone-penn-538,bone-penn-393,bone-penn-213,bone-penn-387,bone-penn-291
,bone-penn-541,bone-penn-389,bone-penn-241,bone-penn-390,bone-penn-285
,bone-penn-534,bone-penn-386,bone-penn-253,bone-penn-391,bone-penn-192
,bone-penn-516,bone-penn-384,bone-penn-220,bone-penn-385,bone-penn-174
,bone-penn-537,bone-penn-396,bone-penn-234,bone-penn-392,bone-penn-191
,bone-penn-531,bone-penn-394,bone-penn-238,bone-penn-357,bone-penn-202
,bone-penn-524,bone-penn-397,bone-penn-219,bone-penn-353,bone-penn-165
,bone-penn-523,bone-penn-387,bone-penn-248,bone-penn-346,bone-penn-184
,bone-penn-539,bone-penn-390,bone-penn-232,bone-penn-356,bone-penn-182
,bone-penn-530,bone-penn-391,bone-penn-268,bone-penn-350,bone-penn-208
,bone-penn-533,bone-penn-385,bone-penn-211,bone-penn-358,bone-penn-168
,bone-penn-044,bone-penn-392,bone-penn-233,bone-penn-360,bone-penn-188
,bone-penn-054,bone-penn-351,bone-penn-272,bone-penn-362,bone-penn-169
,bone-penn-057,bone-penn-357,bone-penn-271,bone-penn-355,bone-penn-175
,bone-penn-046,bone-penn-353,bone-penn-265,bone-penn-361,bone-penn-180
,bone-penn-043,bone-penn-354,bone-penn-226,bone-penn-348,bone-penn-172
,bone-penn-051,bone-penn-346,bone-penn-230,bone-penn-349,bone-penn-197
,bone-china-117,bone-penn-356,bone-penn-231,bone-penn-347,bone-penn-163
,bone-china-137,bone-penn-360,bone-penn-269,bone-penn-246,bone-penn-198
,bone-china-159,bone-penn-362,bone-penn-236,bone-penn-222,bone-penn-176
,bone-china-150,bone-penn-348,bone-penn-223,bone-penn-243,bone-penn-185
,bone-china-167,bone-penn-349,bone-penn-264,bone-penn-209,bone-penn-189
,bone-china-123,bone-penn-347,bone-penn-215,bone-penn-217,bone-penn-207
,bone-china-161,bone-penn-246,bone-penn-249,bone-penn-252,bone-penn-161
,bone-china-156,bone-penn-222,bone-penn-225,bone-penn-263,bone-penn-200
,bone-china-099,bone-penn-209,bone-penn-288,bone-penn-229,bone-penn-160
,bone-china-121,bone-penn-217,bone-penn-291,bone-penn-259,bone-penn-181
,bone-china-135,bone-penn-252,bone-penn-285,bone-penn-224,bone-penn-94
,bone-china-111,bone-penn-263,bone-penn-287,bone-penn-266,bone-penn-97
,bone-china-092,bone-penn-229,bone-penn-294,bone-penn-257,bone-penn-93
,bone-china-098,bone-penn-259,bone-penn-192,bone-penn-260,bone-penn-103
,bone-china-114,bone-penn-235,bone-penn-174,bone-penn-218,bone-penn-95
,bone-china-109,bone-penn-240,bone-penn-191,bone-penn-247,bone-penn-86
,bone-china-108,bone-penn-224,bone-penn-202,bone-penn-262,bone-penn-80
,bone-china-170,bone-penn-266,bone-penn-165,bone-penn-210,bone-penn-87
,bone-china-091,bone-penn-257,bone-penn-184,bone-penn-227,bone-penn-82
,bone-china-140,bone-penn-221,bone-penn-182,bone-penn-254,bone-penn-90
,bone-china-129,bone-penn-267,bone-penn-201,bone-penn-214,bone-penn-96
,bone-china-152,bone-penn-260,bone-penn-208,bone-penn-241,bone-penn-98
,bone-china-096,bone-penn-218,bone-penn-168,bone-penn-253,bone-penn-544
,bone-china-103,bone-penn-247,bone-penn-188,bone-penn-220,bone-penn-547
,bone-china-147,bone-penn-262,bone-penn-169,bone-penn-273,bone-penn-542
,bone-penn-321,bone-penn-210,bone-penn-175,bone-penn-228,bone-penn-546
,bone-penn-328,bone-penn-227,bone-penn-180,bone-penn-234,bone-penn-543
,bone-penn-322,bone-penn-254,bone-penn-172,bone-penn-238,bone-penn-157
,bone-penn-330,bone-penn-214,bone-penn-197,bone-penn-250,bone-penn-159
,bone-penn-342,bone-penn-213,bone-penn-163,bone-penn-219,bone-penn-131
,bone-penn-341,bone-penn-241,bone-penn-199,bone-penn-232,bone-penn-134
,bone-china-001,bone-penn-253,bone-penn-198,bone-penn-258,bone-penn-130
,bone-china-078,bone-penn-220,bone-penn-176,bone-penn-268,bone-penn-140
,bone-china-022,bone-penn-273,bone-penn-185,bone-penn-211,bone-penn-147
,bone-china-054,bone-penn-234,bone-penn-189,bone-penn-261,bone-penn-143
,bone-china-067,bone-penn-238,bone-penn-207,bone-penn-233,bone-penn-144
,bone-china-059,bone-penn-250,bone-penn-161,bone-penn-255,bone-penn-155
,bone-china-083,bone-penn-219,bone-penn-196,bone-penn-244,bone-penn-379
,bone-china-032,bone-penn-248,bone-penn-200,bone-penn-242,bone-penn-363
,bone-china-026,bone-penn-232,bone-penn-160,bone-penn-271,bone-penn-382
,bone-china-014,bone-penn-258,bone-penn-181,bone-penn-265,bone-penn-375
,bone-china-031,bone-penn-268,bone-penn-88,bone-penn-239,bone-penn-367
,bone-china-082,bone-penn-211,bone-penn-94,bone-penn-256,bone-penn-374
,bone-china-055,bone-penn-261,bone-penn-97,bone-penn-216,bone-penn-366
,bone-china-036,bone-penn-233,bone-penn-93,bone-penn-226,bone-penn-369
,bone-china-028,bone-penn-255,bone-penn-103,bone-penn-231,bone-penn-364
,bone-china-044,bone-penn-244,bone-penn-95,bone-penn-269,bone-penn-378
,bone-china-051,bone-penn-272,bone-penn-86,bone-penn-236,bone-penn-274
,bone-china-090,bone-penn-271,bone-penn-80,bone-penn-223,bone-penn-275
,bone-china-020,bone-penn-265,bone-penn-87,bone-penn-264,bone-penn-281
,bone-china-029,bone-penn-239,bone-penn-82,bone-penn-245,bone-penn-278
,bone-china-060,bone-penn-256,bone-penn-90,bone-penn-215,bone-penn-277
,bone-china-040,bone-penn-226,bone-penn-96,bone-penn-237,bone-penn-280
,bone-china-088,bone-penn-230,bone-penn-98,bone-penn-293,bone-penn-276
,bone-china-002,bone-penn-231,bone-penn-544,bone-penn-292,bone-penn-279
,bone-china-035,bone-penn-251,bone-penn-545,bone-penn-290,bone-penn-520
,bone-china-080,bone-penn-269,bone-penn-547,bone-penn-289,bone-penn-526
,bone-china-027,bone-penn-236,bone-penn-542,bone-penn-291,bone-penn-535
,bone-china-066,bone-penn-223,bone-penn-546,bone-penn-286,bone-penn-532
,bone-china-024,bone-penn-264,bone-penn-543,bone-penn-285,bone-penn-515
,bone-penn-646,bone-penn-245,bone-penn-136,bone-penn-193,bone-penn-540
,bone-penn-607,bone-penn-249,bone-penn-157,bone-penn-192,bone-penn-529
,bone-penn-600,bone-penn-225,bone-penn-159,bone-penn-194,bone-penn-525
,bone-penn-619,bone-penn-293,bone-penn-138,bone-penn-174,bone-penn-527
,bone-penn-602,bone-penn-292,bone-penn-131,bone-penn-167,bone-penn-536
,bone-penn-598,bone-penn-290,bone-penn-153,bone-penn-205,bone-penn-528
,bone-penn-638,bone-penn-288,bone-penn-134,bone-penn-191,bone-penn-059
,bone-penn-628,bone-penn-289,bone-penn-130,bone-penn-183,bone-penn-050
,bone-penn-606,bone-penn-291,bone-penn-140,bone-penn-202,bone-penn-049
,bone-penn-620,bone-penn-286,bone-penn-147,bone-penn-165,bone-penn-058
,bone-penn-636,bone-penn-285,bone-penn-143,bone-penn-184,bone-penn-054
,bone-penn-604,bone-penn-287,bone-penn-129,bone-penn-182,bone-penn-048
,bone-penn-647,bone-penn-193,bone-penn-144,bone-penn-166,bone-penn-047
,bone-penn-596,bone-penn-192,bone-penn-155,bone-penn-208,bone-penn-052
,bone-penn-633,bone-penn-194,bone-penn-133,bone-penn-168,bone-penn-041
,bone-penn-036,bone-penn-174,bone-penn-379,bone-penn-188,bone-penn-053
,bone-penn-022,bone-penn-167,bone-penn-363,bone-penn-169,bone-penn-045
,bone-penn-032,bone-penn-205,bone-penn-365,bone-penn-187,bone-penn-051
,bone-penn-018,bone-penn-191,bone-penn-382,bone-penn-175,bone-penn-042
,bone-penn-019,bone-penn-183,bone-penn-375,bone-penn-162,bone-china-155
,bone-penn-025,bone-penn-202,bone-penn-367,bone-penn-180,bone-china-139
,bone-penn-021,bone-penn-165,bone-penn-374,bone-penn-195,bone-china-154
,bone-penn-038,bone-penn-184,bone-penn-366,bone-penn-206,bone-china-137
,bone-penn-039,bone-penn-182,bone-penn-369,bone-penn-172,bone-china-151
,bone-penn-016,bone-penn-166,bone-penn-376,bone-penn-186,bone-china-136
,bone-china-194,bone-penn-201,bone-penn-364,bone-penn-164,bone-china-163
,bone-china-182,bone-penn-208,bone-penn-378,bone-penn-190,bone-china-101
,bone-china-176,bone-penn-168,bone-penn-274,bone-penn-197,bone-china-165
,bone-china-184,bone-penn-188,bone-penn-284,bone-penn-163,bone-china-106
,bone-china-177,bone-penn-169,bone-penn-275,bone-penn-178,bone-china-112
,bone-china-191,bone-penn-187,bone-penn-281,bone-penn-173,bone-china-159
,bone-china-234,bone-penn-175,bone-penn-278,bone-penn-198,bone-china-150
,bone-china-198,bone-penn-162,bone-penn-277,bone-penn-176,bone-china-113
,bone-china-192,bone-penn-180,bone-penn-280,bone-penn-185,bone-china-131
,bone-penn-469,bone-penn-206,bone-penn-276,bone-penn-171,bone-china-123
,bone-penn-492,bone-penn-172,bone-penn-279,bone-penn-189,bone-china-161
,bone-penn-506,bone-penn-186,bone-penn-520,bone-penn-207,bone-china-093
,bone-penn-457,bone-penn-190,bone-penn-526,bone-penn-179,bone-china-142
,bone-penn-498,bone-penn-197,bone-penn-535,bone-penn-161,bone-china-175
,bone-penn-491,bone-penn-163,bone-penn-532,bone-penn-203,bone-china-156
,bone-penn-497,bone-penn-199,bone-penn-515,bone-penn-177,bone-china-105
,bone-penn-505,bone-penn-178,bone-penn-540,bone-penn-200,bone-china-115
,bone-penn-495,bone-penn-173,bone-penn-529,bone-penn-160,bone-china-157
,bone-penn-460,bone-penn-198,bone-penn-534,bone-penn-181,bone-china-168
,bone-penn-483,bone-penn-176,bone-penn-525,bone-penn-94,bone-china-121
,bone-penn-459,bone-penn-185,bone-penn-527,bone-penn-83,bone-china-143
,bone-penn-513,bone-penn-171,bone-penn-536,bone-penn-106,bone-china-135
,bone-penn-488,bone-penn-189,bone-penn-528,bone-penn-84,bone-china-111
,bone-penn-499,bone-penn-207,bone-penn-059,bone-penn-97,bone-china-110
,bone-penn-456,bone-penn-179,bone-penn-050,bone-penn-93,bone-china-092
,bone-penn-471,bone-penn-161,bone-penn-049,bone-penn-103,bone-china-145
,bone-penn-511,bone-penn-203,bone-penn-058,bone-penn-95,bone-china-098
,bone-penn-477,bone-penn-196,bone-penn-054,bone-penn-107,bone-china-114
,bone-penn-479,bone-penn-204,bone-penn-048,bone-penn-86,bone-china-148
,bone-penn-490,bone-penn-200,bone-penn-047,bone-penn-105,bone-china-149
,bone-penn-510,bone-penn-160,bone-penn-052,bone-penn-102,bone-china-094
,bone-penn-462,bone-penn-181,bone-penn-046,bone-penn-80,bone-china-109
,bone-penn-504,bone-penn-88,bone-penn-041,bone-penn-87,bone-china-138
,bone-penn-514,bone-penn-89,bone-penn-053,bone-penn-82,bone-china-107
,bone-penn-558,bone-penn-94,bone-penn-045,bone-penn-85,bone-china-108
,bone-penn-564,bone-penn-83,bone-penn-051,bone-penn-92,bone-china-170
,bone-penn-562,bone-penn-106,bone-penn-042,bone-penn-90,bone-china-097
,bone-penn-568,bone-penn-84,bone-china-155,bone-penn-96,bone-china-174
,bone-penn-551,bone-penn-97,bone-china-139,bone-penn-91,bone-china-173
,bone-penn-555,bone-penn-93,bone-china-154,bone-penn-81,bone-china-119
,bone-penn-567,bone-penn-103,bone-china-137,bone-penn-99,bone-china-104
,bone-penn-554,bone-penn-95,bone-china-151,bone-penn-98,bone-china-166
,bone-penn-552,bone-penn-107,bone-china-136,bone-penn-101,bone-china-102
,bone-penn-560,bone-penn-86,bone-china-163,bone-penn-104,bone-china-140
,bone-penn-549,bone-penn-105,bone-china-101,bone-penn-544,bone-china-122
,bone-penn-563,bone-penn-102,bone-china-165,bone-penn-547,bone-china-129
,bone-penn-550,bone-penn-80,bone-china-106,bone-penn-542,bone-china-125
,,bone-penn-87,bone-china-112,bone-penn-546,bone-china-162
,,bone-penn-82,bone-china-159,bone-penn-543,bone-china-128
,,bone-penn-85,bone-china-150,bone-penn-132,bone-china-144
,,bone-penn-100,bone-china-113,bone-penn-151,bone-china-169
,,bone-penn-90,bone-china-131,bone-penn-135,bone-china-118
,,bone-penn-96,bone-china-123,bone-penn-139,bone-china-120
,,bone-penn-91,bone-china-161,bone-penn-141,bone-china-124
,,bone-penn-81,bone-china-093,bone-penn-157,bone-china-160
,,bone-penn-99,bone-china-142,bone-penn-145,bone-china-096
,,bone-penn-98,bone-china-175,bone-penn-154,bone-china-100
,,bone-penn-101,bone-china-156,bone-penn-159,bone-china-103
,,bone-penn-104,bone-china-105,bone-penn-137,bone-china-127
,,bone-penn-544,bone-china-115,bone-penn-131,bone-china-172
,,bone-penn-545,bone-china-157,bone-penn-148,bone-china-095
,,bone-penn-547,bone-china-168,bone-penn-156,bone-china-132
,,bone-penn-542,bone-china-121,bone-penn-152,bone-china-126
,,bone-penn-546,bone-china-143,bone-penn-150,bone-china-158
,,bone-penn-132,bone-china-135,bone-penn-134,bone-china-146
,,bone-penn-136,bone-china-111,bone-penn-130,bone-china-130
,,bone-penn-151,bone-china-110,bone-penn-140,bone-china-164
,,bone-penn-135,bone-china-092,bone-penn-147,bone-china-116
,,bone-penn-139,bone-china-145,bone-penn-143,bone-china-171
,,bone-penn-141,bone-china-098,bone-penn-144,bone-penn-323
,,bone-penn-157,bone-china-114,bone-penn-142,bone-penn-333
,,bone-penn-145,bone-china-148,bone-penn-155,bone-penn-340
,,bone-penn-154,bone-china-149,bone-penn-149,bone-penn-329
,,bone-penn-159,bone-china-094,bone-penn-379,bone-penn-338
,,bone-penn-137,bone-china-109,bone-penn-372,bone-penn-316
,,bone-penn-138,bone-china-138,bone-penn-371,bone-penn-319
,,bone-penn-131,bone-china-107,bone-penn-381,bone-penn-335
,,bone-penn-153,bone-china-108,bone-penn-370,bone-penn-330
,,bone-penn-148,bone-china-170,bone-penn-363,bone-penn-332
,,bone-penn-156,bone-china-097,bone-penn-382,bone-penn-342
,,bone-penn-152,bone-china-174,bone-penn-375,bone-china-078
,,bone-penn-150,bone-china-173,bone-penn-367,bone-china-054
,,bone-penn-134,bone-china-119,bone-penn-374,bone-china-009
,,bone-penn-146,bone-china-104,bone-penn-366,bone-china-034
,,bone-penn-130,bone-china-166,bone-penn-383,bone-china-010
,,bone-penn-140,bone-china-102,bone-penn-368,bone-china-065
,,bone-penn-147,bone-china-140,bone-penn-369,bone-china-005
,,bone-penn-143,bone-china-122,bone-penn-373,bone-china-087
,,bone-penn-129,bone-china-129,bone-penn-380,bone-china-074
,,bone-penn-158,bone-china-125,bone-penn-364,bone-china-059
,,bone-penn-142,bone-china-162,bone-penn-378,bone-china-083
,,bone-penn-155,bone-china-128,bone-penn-274,bone-china-032
,,bone-penn-133,bone-china-144,bone-penn-282,bone-china-037
,,bone-penn-149,bone-china-169,bone-penn-275,bone-china-014
,,bone-penn-379,bone-china-118,bone-penn-281,bone-china-082
,,bone-penn-372,bone-china-120,bone-penn-278,bone-china-042
,,bone-penn-377,bone-china-124,bone-penn-277,bone-china-062
,,bone-penn-381,bone-china-160,bone-penn-283,bone-china-036
,,bone-penn-370,bone-china-096,bone-penn-280,bone-china-021
,,bone-penn-363,bone-china-100,bone-penn-276,bone-china-048
,,bone-penn-365,bone-china-103,bone-penn-279,bone-china-061
,,bone-penn-382,bone-china-127,bone-penn-522,bone-china-028
,,bone-penn-375,bone-china-172,bone-penn-520,bone-china-004
,,bone-penn-367,bone-china-095,bone-penn-521,bone-china-044
,,bone-penn-374,bone-china-132,bone-penn-517,bone-china-086
,,bone-penn-366,bone-china-126,bone-penn-526,bone-china-051
,,bone-penn-383,bone-china-158,bone-penn-535,bone-china-089
,,bone-penn-368,bone-china-146,bone-penn-532,bone-china-012
,,bone-penn-369,bone-china-130,bone-penn-518,bone-china-047
,,bone-penn-376,bone-china-164,bone-penn-519,bone-china-020
,,bone-penn-380,bone-china-116,bone-penn-515,bone-china-029
,,bone-penn-364,bone-china-171,bone-penn-540,bone-china-060
,,bone-penn-378,bone-penn-324,bone-penn-538,bone-china-077
,,bone-penn-274,bone-penn-323,bone-penn-529,bone-china-023
,,bone-penn-282,bone-penn-336,bone-penn-541,bone-china-017
,,bone-penn-275,bone-penn-333,bone-penn-525,bone-china-064
,,bone-penn-281,bone-penn-340,bone-penn-516,bone-china-033
,,bone-penn-278,bone-penn-329,bone-penn-527,bone-china-069
,,bone-penn-277,bone-penn-338,bone-penn-537,bone-china-016
,,bone-penn-283,bone-penn-316,bone-penn-536,bone-china-025
,,bone-penn-280,bone-penn-319,bone-penn-528,bone-china-043
,,bone-penn-279,bone-penn-335,bone-penn-531,bone-china-045
,,bone-penn-522,bone-penn-330,bone-penn-524,bone-china-011
,,bone-penn-520,bone-penn-332,bone-penn-539,bone-china-063
,,bone-penn-521,bone-penn-342,bone-penn-530,bone-china-015
,,bone-penn-517,bone-china-078,bone-penn-059,bone-china-053
,,bone-penn-526,bone-china-054,bone-penn-050,bone-china-081
,,bone-penn-535,bone-china-009,bone-penn-044,bone-china-073
,,bone-penn-532,bone-china-034,bone-penn-049,bone-china-007
,,bone-penn-518,bone-china-010,bone-penn-058,bone-china-018
,,bone-penn-519,bone-china-065,bone-penn-056,bone-china-084
,,bone-penn-515,bone-china-005,bone-penn-054,bone-china-006
,,bone-penn-540,bone-china-087,bone-penn-048,bone-china-003
,,bone-penn-538,bone-china-074,bone-penn-047,bone-china-076
,,bone-penn-529,bone-china-059,bone-penn-052,bone-china-080
,,bone-penn-541,bone-china-083,bone-penn-060,bone-china-071
,,bone-penn-534,bone-china-032,bone-penn-055,bone-china-075
,,bone-penn-525,bone-china-037,bone-penn-057,bone-china-013
,,bone-penn-516,bone-china-014,bone-penn-041,bone-china-070
,,bone-penn-527,bone-china-082,bone-penn-053,bone-china-024
,,bone-penn-537,bone-china-042,bone-penn-045,bone-china-068
,,bone-penn-536,bone-china-062,bone-penn-051,bone-china-008
,,bone-penn-528,bone-china-036,bone-penn-042,bone-penn-629
,,bone-penn-531,bone-china-021,bone-china-155,bone-penn-610
,,bone-penn-524,bone-china-048,bone-china-139,bone-penn-608
,,bone-penn-523,bone-china-061,bone-china-154,bone-penn-654
,,bone-penn-539,bone-china-028,bone-china-117,bone-penn-651
,,bone-penn-530,bone-china-004,bone-china-137,bone-penn-645
,,bone-penn-533,bone-china-044,bone-china-151,bone-penn-652
,,bone-penn-059,bone-china-086,bone-china-136,bone-penn-646
,,bone-penn-044,bone-china-051,bone-china-163,bone-penn-626
,,bone-penn-049,bone-china-089,bone-china-101,bone-penn-607
,,bone-penn-058,bone-china-012,bone-china-165,bone-penn-630
,,bone-penn-056,bone-china-047,bone-china-106,bone-penn-622
,,bone-penn-054,bone-china-020,bone-china-112,bone-penn-650
,,bone-penn-048,bone-china-029,bone-china-159,bone-penn-612
,,bone-penn-047,bone-china-060,bone-china-150,bone-penn-624
,,bone-penn-052,bone-china-077,bone-china-141,bone-penn-639
,,bone-penn-055,bone-china-023,bone-china-167,bone-penn-605
,,bone-penn-057,bone-china-017,bone-china-113,bone-penn-637
,,bone-penn-046,bone-china-064,bone-china-131,bone-penn-599
,,bone-penn-041,bone-china-033,bone-china-123,bone-penn-602
,,bone-penn-053,bone-china-069,bone-china-161,bone-penn-618
,,bone-penn-045,bone-china-016,bone-china-093,bone-penn-603
,,bone-penn-043,bone-china-025,bone-china-133,bone-penn-640
,,bone-penn-051,bone-china-043,bone-china-142,bone-penn-648
,,bone-penn-042,bone-china-045,bone-china-175,bone-penn-617
,,bone-china-155,bone-china-011,bone-china-156,bone-penn-615
,,bone-china-139,bone-china-063,bone-china-105,bone-penn-631
,,bone-china-154,bone-china-015,bone-china-115,bone-penn-614
,,bone-china-117,bone-china-053,bone-china-157,bone-penn-638
,,bone-china-137,bone-china-081,bone-china-099,bone-penn-628
,,bone-china-151,bone-china-073,bone-china-168,bone-penn-621
,,bone-china-136,bone-china-007,bone-china-121,bone-penn-642
,,bone-china-163,bone-china-018,bone-china-143,bone-penn-606
,,bone-china-101,bone-china-084,bone-china-135,bone-penn-636
,,bone-china-165,bone-china-006,bone-china-111,bone-penn-647
,,bone-china-106,bone-china-003,bone-china-110,bone-penn-601
,,bone-china-112,bone-china-076,bone-china-092,bone-penn-611
,,bone-china-159,bone-china-080,bone-china-145,bone-penn-596
,,bone-china-150,bone-china-071,bone-china-098,bone-penn-653
,,bone-china-141,bone-china-075,bone-china-114,bone-penn-643
,,bone-china-167,bone-china-013,bone-china-148,bone-penn-649
,,bone-china-113,bone-china-070,bone-china-149,bone-penn-632
,,bone-china-131,bone-china-024,bone-china-094,bone-penn-644
,,bone-china-123,bone-china-068,bone-china-109,bone-penn-613
,,bone-china-161,bone-china-008,bone-china-138,bone-penn-627
,,bone-china-093,bone-penn-629,bone-china-107,bone-penn-641
,,bone-china-133,bone-penn-610,bone-china-108,bone-penn-036
,,bone-china-142,bone-penn-608,bone-china-170,bone-penn-026
,,bone-china-175,bone-penn-654,bone-china-097,bone-penn-034
,,bone-china-156,bone-penn-651,bone-china-174,bone-penn-022
,,bone-china-105,bone-penn-645,bone-china-173,bone-penn-024
,,bone-china-115,bone-penn-652,bone-china-134,bone-penn-031
,,bone-china-157,bone-penn-646,bone-china-119,bone-penn-020
,,bone-china-099,bone-penn-626,bone-china-091,bone-penn-021
,,bone-china-168,bone-penn-607,bone-china-104,bone-penn-040
,,bone-china-121,bone-penn-630,bone-china-166,bone-penn-037
,,bone-china-143,bone-penn-622,bone-china-102,bone-penn-035
,,bone-china-135,bone-penn-623,bone-china-140,bone-penn-033
,,bone-china-110,bone-penn-650,bone-china-122,bone-penn-029
,,bone-china-092,bone-penn-612,bone-china-129,bone-penn-017
,,bone-china-145,bone-penn-624,bone-china-125,bone-penn-023
,,bone-china-114,bone-penn-639,bone-china-162,bone-penn-030
,,bone-china-148,bone-penn-605,bone-china-152,bone-penn-016
,,bone-china-149,bone-penn-637,bone-china-128,bone-china-211
,,bone-china-094,bone-penn-599,bone-china-144,bone-china-194
,,bone-china-109,bone-penn-602,bone-china-169,bone-china-189
,,bone-china-138,bone-penn-618,bone-china-118,bone-china-217
,,bone-china-107,bone-penn-603,bone-china-120,bone-china-212
,,bone-china-108,bone-penn-640,bone-china-124,bone-china-242
,,bone-china-170,bone-penn-648,bone-china-160,bone-china-226
,,bone-china-097,bone-penn-617,bone-china-096,bone-china-195
,,bone-china-174,bone-penn-615,bone-china-100,bone-china-186
,,bone-china-173,bone-penn-631,bone-china-103,bone-china-225
,,bone-china-134,bone-penn-614,bone-china-153,bone-china-235
,,bone-china-119,bone-penn-638,bone-china-127,bone-china-232
,,bone-china-091,bone-penn-628,bone-china-172,bone-china-182
,,bone-china-104,bone-penn-621,bone-china-095,bone-china-204
,,bone-china-166,bone-penn-642,bone-china-132,bone-china-197
,,bone-china-140,bone-penn-606,bone-china-126,bone-china-243
,,bone-china-122,bone-penn-636,bone-china-158,bone-china-209
,,bone-china-129,bone-penn-604,bone-china-146,bone-china-221
,,bone-china-125,bone-penn-647,bone-china-130,bone-china-201
,,bone-china-162,bone-penn-601,bone-china-164,bone-china-180
,,bone-china-152,bone-penn-611,bone-china-147,bone-china-213
,,bone-china-128,bone-penn-596,bone-china-116,bone-china-185
,,bone-china-144,bone-penn-653,bone-china-171,bone-china-200
,,bone-china-169,bone-penn-643,bone-penn-326,bone-china-229
,,bone-china-118,bone-penn-649,bone-penn-334,bone-china-177
,,bone-china-120,bone-penn-632,bone-penn-339,bone-china-215
,,bone-china-124,bone-penn-644,bone-penn-320,bone-china-222
,,bone-china-160,bone-penn-613,bone-penn-323,bone-china-208
,,bone-china-100,bone-penn-627,bone-penn-344,bone-china-181
,,bone-china-103,bone-penn-641,bone-penn-337,bone-china-202
,,bone-china-153,bone-penn-036,bone-penn-328,bone-china-191
,,bone-china-127,bone-penn-026,bone-penn-322,bone-china-193
,,bone-china-132,bone-penn-034,bone-penn-333,bone-china-234
,,bone-china-126,bone-penn-022,bone-penn-340,bone-china-210
,,bone-china-158,bone-penn-024,bone-penn-345,bone-china-231
,,bone-china-146,bone-penn-031,bone-penn-329,bone-china-188
,,bone-china-130,bone-penn-025,bone-penn-343,bone-china-198
,,bone-china-164,bone-penn-020,bone-penn-317,bone-china-241
,,bone-china-147,bone-penn-021,bone-penn-338,bone-china-199
,,bone-china-116,bone-penn-040,bone-penn-316,bone-china-187
,,bone-china-171,bone-penn-037,bone-penn-319,bone-china-203
,,bone-penn-326,bone-penn-035,bone-penn-318,bone-china-233
,,bone-penn-334,bone-penn-033,bone-penn-335,bone-china-223
,,bone-penn-339,bone-penn-029,bone-penn-330,bone-china-179
,,bone-penn-324,bone-penn-017,bone-penn-332,bone-china-236
,,bone-penn-320,bone-penn-023,bone-penn-342,bone-china-192
,,bone-penn-336,bone-penn-030,bone-penn-327,bone-penn-502
,,bone-penn-337,bone-penn-016,bone-penn-325,bone-penn-508
,,bone-penn-328,bone-china-211,bone-penn-341,bone-penn-461
,,bone-penn-322,bone-china-194,bone-china-001,bone-penn-469
,,bone-penn-331,bone-china-189,bone-china-078,bone-penn-492
,,bone-penn-340,bone-china-217,bone-china-039,bone-penn-509
,,bone-penn-345,bone-china-212,bone-china-022,bone-penn-458
,,bone-penn-329,bone-china-242,bone-china-054,bone-penn-489
,,bone-penn-343,bone-china-226,bone-china-009,bone-penn-498
,,bone-penn-317,bone-china-195,bone-china-038,bone-penn-486
,,bone-penn-338,bone-china-186,bone-china-034,bone-penn-465
,,bone-penn-316,bone-china-225,bone-china-010,bone-penn-485
,,bone-penn-319,bone-china-235,bone-china-065,bone-penn-478
,,bone-penn-335,bone-china-232,bone-china-085,bone-penn-460
,,bone-penn-330,bone-china-182,bone-china-058,bone-penn-453
,,bone-penn-332,bone-china-204,bone-china-005,bone-penn-473
,,bone-penn-342,bone-china-197,bone-china-067,bone-penn-480
,,bone-penn-341,bone-china-243,bone-china-087,bone-penn-474
,,bone-china-001,bone-china-209,bone-china-074,bone-penn-463
,,bone-china-078,bone-china-178,bone-china-059,bone-penn-500
,,bone-china-039,bone-china-221,bone-china-083,bone-penn-454
,,bone-china-022,bone-china-201,bone-china-079,bone-penn-488
,,bone-china-054,bone-china-180,bone-china-032,bone-penn-499
,,bone-china-009,bone-china-213,bone-china-037,bone-penn-464
,,bone-china-038,bone-china-185,bone-china-050,bone-penn-496
,,bone-china-034,bone-china-200,bone-china-026,bone-penn-487
,,bone-china-010,bone-china-229,bone-china-014,bone-penn-468
,,bone-china-065,bone-china-177,bone-china-031,bone-penn-481
,,bone-china-085,bone-china-215,bone-china-082,bone-penn-467
,,bone-china-058,bone-china-222,bone-china-055,bone-penn-470
,,bone-china-005,bone-china-208,bone-china-042,bone-penn-466
,,bone-china-067,bone-china-181,bone-china-062,bone-penn-510
,,bone-china-087,bone-china-202,bone-china-036,bone-penn-501
,,bone-china-074,bone-china-191,bone-china-021,bone-penn-482
,,bone-china-059,bone-china-193,bone-china-048,bone-penn-475
,,bone-china-083,bone-china-234,bone-china-046,bone-penn-493
,,bone-china-079,bone-china-210,bone-china-061,bone-penn-494
,,bone-china-032,bone-china-231,bone-china-019,bone-penn-462
,,bone-china-037,bone-china-188,bone-china-028,bone-penn-452
,,bone-china-050,bone-china-198,bone-china-004,bone-penn-514
,,bone-china-026,bone-china-241,bone-china-044,bone-penn-548
,,bone-china-014,bone-china-199,bone-china-086,bone-penn-568
,,bone-china-031,bone-china-187,bone-china-072,bone-penn-569
,,bone-china-082,bone-china-203,bone-china-051,bone-penn-555
,,bone-china-055,bone-china-233,bone-china-089,bone-penn-553
,,bone-china-042,bone-china-223,bone-china-090,bone-penn-565
,,bone-china-062,bone-china-179,bone-china-012,bone-penn-566
,,bone-china-036,bone-china-236,bone-china-047,bone-penn-557
,,bone-china-021,bone-china-192,bone-china-020,bone-penn-549
,,bone-china-046,bone-penn-502,bone-china-029,
,,bone-china-061,bone-penn-508,bone-china-060,
,,bone-china-019,bone-penn-461,bone-china-077,
,,bone-china-028,bone-penn-469,bone-china-023,
,,bone-china-004,bone-penn-492,bone-china-017,
,,bone-china-044,bone-penn-509,bone-china-040,
,,bone-china-086,bone-penn-458,bone-china-064,
,,bone-china-072,bone-penn-489,bone-china-033,
,,bone-china-051,bone-penn-498,bone-china-069,
,,bone-china-089,bone-penn-486,bone-china-016,
,,bone-china-090,bone-penn-465,bone-china-088,
,,bone-china-012,bone-penn-485,bone-china-025,
,,bone-china-047,bone-penn-478,bone-china-043,
,,bone-china-020,bone-penn-460,bone-china-052,
,,bone-china-029,bone-penn-472,bone-china-045,
,,bone-china-060,bone-penn-453,bone-china-011,
,,bone-china-077,bone-penn-473,bone-china-063,
,,bone-china-023,bone-penn-480,bone-china-015,
,,bone-china-017,bone-penn-474,bone-china-053,
,,bone-china-040,bone-penn-463,bone-china-081,
,,bone-china-064,bone-penn-500,bone-china-073,
,,bone-china-033,bone-penn-454,bone-china-007,
,,bone-china-069,bone-penn-488,bone-china-018,
,,bone-china-016,bone-penn-499,bone-china-084,
,,bone-china-088,bone-penn-464,bone-china-006,
,,bone-china-025,bone-penn-496,bone-china-003,
,,bone-china-043,bone-penn-487,bone-china-030,
,,bone-china-052,bone-penn-468,bone-china-076,
,,bone-china-045,bone-penn-481,bone-china-002,
,,bone-china-063,bone-penn-467,bone-china-035,
,,bone-china-015,bone-penn-470,bone-china-080,
,,bone-china-053,bone-penn-466,bone-china-027,
,,bone-china-081,bone-penn-510,bone-china-041,
,,bone-china-073,bone-penn-501,bone-china-056,
,,bone-china-007,bone-penn-482,bone-china-071,
,,bone-china-018,bone-penn-475,bone-china-057,
,,bone-china-084,bone-penn-493,bone-china-075,
,,bone-china-006,bone-penn-494,bone-china-013,
,,bone-china-003,bone-penn-462,bone-china-066,
,,bone-china-030,bone-penn-452,bone-china-070,
,,bone-china-076,bone-penn-514,bone-china-024,
,,bone-china-002,bone-penn-548,bone-china-068,
,,bone-china-035,bone-penn-562,bone-china-008,
,,bone-china-080,bone-penn-568,bone-china-049,
,,bone-china-027,bone-penn-569,bone-penn-629,
,,bone-china-041,bone-penn-555,bone-penn-610,
,,bone-china-056,bone-penn-553,bone-penn-608,
,,bone-china-071,bone-penn-565,bone-penn-654,
,,bone-china-057,bone-penn-552,bone-penn-651,
,,bone-china-075,bone-penn-560,bone-penn-645,
,,bone-china-013,bone-penn-566,bone-penn-652,
,,bone-china-066,bone-penn-557,bone-penn-646,
,,bone-china-070,bone-penn-549,bone-penn-626,
,,bone-china-068,bone-penn-563,bone-penn-607,
,,bone-china-008,,bone-penn-630,
,,bone-china-049,,bone-penn-597,
,,bone-penn-629,,bone-penn-622,
,,bone-penn-610,,bone-penn-600,
,,bone-penn-608,,bone-penn-650,
,,bone-penn-654,,bone-penn-612,
,,bone-penn-651,,bone-penn-634,
,,bone-penn-645,,bone-penn-624,
,,bone-penn-652,,bone-penn-639,
,,bone-penn-646,,bone-penn-605,
,,bone-penn-626,,bone-penn-619,
,,bone-penn-607,,bone-penn-637,
,,bone-penn-630,,bone-penn-599,
,,bone-penn-597,,bone-penn-602,
,,bone-penn-622,,bone-penn-618,
,,bone-penn-600,,bone-penn-603,
,,bone-penn-650,,bone-penn-640,
,,bone-penn-612,,bone-penn-616,
,,bone-penn-624,,bone-penn-648,
,,bone-penn-639,,bone-penn-617,
,,bone-penn-605,,bone-penn-598,
,,bone-penn-637,,bone-penn-615,
,,bone-penn-599,,bone-penn-631,
,,bone-penn-602,,bone-penn-625,
,,bone-penn-618,,bone-penn-614,
,,bone-penn-603,,bone-penn-638,
,,bone-penn-640,,bone-penn-628,
,,bone-penn-616,,bone-penn-621,
,,bone-penn-648,,bone-penn-642,
,,bone-penn-617,,bone-penn-606,
,,bone-penn-598,,bone-penn-620,
,,bone-penn-615,,bone-penn-636,
,,bone-penn-631,,bone-penn-609,
,,bone-penn-614,,bone-penn-647,
,,bone-penn-638,,bone-penn-601,
,,bone-penn-628,,bone-penn-611,
,,bone-penn-621,,bone-penn-596,
,,bone-penn-606,,bone-penn-653,
,,bone-penn-620,,bone-penn-643,
,,bone-penn-636,,bone-penn-649,
,,bone-penn-604,,bone-penn-632,
,,bone-penn-647,,bone-penn-644,
,,bone-penn-601,,bone-penn-613,
,,bone-penn-611,,bone-penn-633,
,,bone-penn-596,,bone-penn-627,
,,bone-penn-653,,bone-penn-641,
,,bone-penn-643,,bone-penn-036,
,,bone-penn-649,,bone-penn-026,
,,bone-penn-632,,bone-penn-034,
,,bone-penn-644,,bone-penn-022,
,,bone-penn-613,,bone-penn-024,
,,bone-penn-633,,bone-penn-032,
,,bone-penn-627,,bone-penn-027,
,,bone-penn-641,,bone-penn-018,
,,bone-penn-026,,bone-penn-031,
,,bone-penn-034,,bone-penn-019,
,,bone-penn-022,,bone-penn-020,
,,bone-penn-024,,bone-penn-021,
,,bone-penn-032,,bone-penn-040,
,,bone-penn-027,,bone-penn-038,
,,bone-penn-018,,bone-penn-037,
,,bone-penn-031,,bone-penn-035,
,,bone-penn-019,,bone-penn-033,
,,bone-penn-025,,bone-penn-029,
,,bone-penn-020,,bone-penn-017,
,,bone-penn-021,,bone-penn-039,
,,bone-penn-040,,bone-penn-023,
,,bone-penn-038,,bone-penn-028,
,,bone-penn-037,,bone-penn-030,
,,bone-penn-035,,bone-penn-016,
,,bone-penn-029,,bone-china-216,
,,bone-penn-017,,bone-china-206,
,,bone-penn-039,,bone-china-211,
,,bone-penn-023,,bone-china-194,
,,bone-penn-028,,bone-china-189,
,,bone-penn-030,,bone-china-217,
,,bone-penn-016,,bone-china-212,
,,bone-china-216,,bone-china-242,
,,bone-china-206,,bone-china-226,
,,bone-china-211,,bone-china-195,
,,bone-china-194,,bone-china-186,
,,bone-china-189,,bone-china-225,
,,bone-china-217,,bone-china-196,
,,bone-china-212,,bone-china-190,
,,bone-china-242,,bone-china-235,
,,bone-china-226,,bone-china-232,
,,bone-china-195,,bone-china-182,
,,bone-china-186,,bone-china-204,
,,bone-china-225,,bone-china-197,
,,bone-china-196,,bone-china-243,
,,bone-china-190,,bone-china-209,
,,bone-china-235,,bone-china-176,
,,bone-china-232,,bone-china-221,
,,bone-china-182,,bone-china-228,
,,bone-china-204,,bone-china-184,
,,bone-china-197,,bone-china-201,
,,bone-china-243,,bone-china-180,
,,bone-china-209,,bone-china-213,
,,bone-china-176,,bone-china-185,
,,bone-china-178,,bone-china-200,
,,bone-china-221,,bone-china-229,
,,bone-china-228,,bone-china-177,
,,bone-china-184,,bone-china-215,
,,bone-china-201,,bone-china-222,
,,bone-china-180,,bone-china-208,
,,bone-china-213,,bone-china-181,
,,bone-china-185,,bone-china-202,
,,bone-china-200,,bone-china-191,
,,bone-china-229,,bone-china-193,
,,bone-china-177,,bone-china-234,
,,bone-china-215,,bone-china-210,
,,bone-china-222,,bone-china-231,
,,bone-china-208,,bone-china-188,
,,bone-china-181,,bone-china-198,
,,bone-china-202,,bone-china-241,
,,bone-china-193,,bone-china-199,
,,bone-china-234,,bone-china-187,
,,bone-china-210,,bone-china-203,
,,bone-china-231,,bone-china-233,
,,bone-china-188,,bone-china-223,
,,bone-china-198,,bone-china-179,
,,bone-china-241,,bone-china-236,
,,bone-china-199,,bone-china-192,
,,bone-china-187,,bone-penn-502,
,,bone-china-203,,bone-penn-508,
,,bone-china-233,,bone-penn-461,
,,bone-china-223,,bone-penn-469,
,,bone-china-179,,bone-penn-492,
,,bone-china-192,,bone-penn-506,
,,bone-penn-502,,bone-penn-509,
,,bone-penn-508,,bone-penn-458,
,,bone-penn-461,,bone-penn-489,
,,bone-penn-469,,bone-penn-457,
,,bone-penn-492,,bone-penn-498,
,,bone-penn-506,,bone-penn-486,
,,bone-penn-509,,bone-penn-491,
,,bone-penn-458,,bone-penn-455,
,,bone-penn-489,,bone-penn-465,
,,bone-penn-457,,bone-penn-485,
,,bone-penn-498,,bone-penn-478,
,,bone-penn-486,,bone-penn-512,
,,bone-penn-491,,bone-penn-497,
,,bone-penn-455,,bone-penn-505,
,,bone-penn-465,,bone-penn-495,
,,bone-penn-485,,bone-penn-460,
,,bone-penn-478,,bone-penn-453,
,,bone-penn-512,,bone-penn-473,
,,bone-penn-497,,bone-penn-476,
,,bone-penn-505,,bone-penn-480,
,,bone-penn-495,,bone-penn-483,
,,bone-penn-460,,bone-penn-459,
,,bone-penn-472,,bone-penn-474,
,,bone-penn-453,,bone-penn-463,
,,bone-penn-473,,bone-penn-500,
,,bone-penn-476,,bone-penn-513,
,,bone-penn-480,,bone-penn-454,
,,bone-penn-459,,bone-penn-488,
,,bone-penn-474,,bone-penn-499,
,,bone-penn-463,,bone-penn-464,
,,bone-penn-500,,bone-penn-456,
,,bone-penn-513,,bone-penn-471,
,,bone-penn-454,,bone-penn-496,
,,bone-penn-488,,bone-penn-511,
,,bone-penn-499,,bone-penn-487,
,,bone-penn-464,,bone-penn-507,
,,bone-penn-456,,bone-penn-468,
,,bone-penn-471,,bone-penn-481,
,,bone-penn-496,,bone-penn-479,
,,bone-penn-511,,bone-penn-467,
,,bone-penn-487,,bone-penn-470,
,,bone-penn-477,,bone-penn-466,
,,bone-penn-468,,bone-penn-503,
,,bone-penn-481,,bone-penn-484,
,,bone-penn-479,,bone-penn-490,
,,bone-penn-467,,bone-penn-510,
,,bone-penn-470,,bone-penn-501,
,,bone-penn-466,,bone-penn-482,
,,bone-penn-503,,bone-penn-475,
,,bone-penn-484,,bone-penn-493,
,,bone-penn-490,,bone-penn-494,
,,bone-penn-510,,bone-penn-462,
,,bone-penn-501,,bone-penn-452,
,,bone-penn-482,,bone-penn-504,
,,bone-penn-475,,bone-penn-514,
,,bone-penn-493,,bone-penn-561,
,,bone-penn-494,,bone-penn-548,
,,bone-penn-462,,bone-penn-564,
,,bone-penn-452,,bone-penn-556,
,,bone-penn-504,,bone-penn-559,
,,bone-penn-514,,bone-penn-568,
,,bone-penn-561,,bone-penn-569,
,,bone-penn-558,,bone-penn-551,
,,bone-penn-548,,bone-penn-555,
,,bone-penn-564,,bone-penn-553,
,,bone-penn-562,,bone-penn-565,
,,bone-penn-556,,bone-penn-567,
,,bone-penn-559,,bone-penn-554,
,,bone-penn-568,,bone-penn-566,
,,bone-penn-569,,bone-penn-557,
,,bone-penn-551,,bone-penn-549,
,,bone-penn-555,,bone-penn-550,
,,bone-penn-553,,,
,,bone-penn-565,,,
,,bone-penn-554,,,
,,bone-penn-552,,,
,,bone-penn-560,,,
,,bone-penn-566,,,
,,bone-penn-557,,,
,,bone-penn-549,,,
,,bone-penn-563,,,
,,bone-penn-550,,,
